word,count
abba,4
abeg,3
abi,3
abrokyire,1
abugida,4
achcha,4
adire,3
adorkable,1
adowa,1
adownrights,4
adult,1
adulting,1
aforenoted,3
afound,4
afounded,4
afrobeats,1
afrophobia,1
agbero,3
agentic,1
agi,3
agritech,1
ahoo,4
ajumma,1
alamak,3
aljotta,1
amakhosi,4
amala,1
amalgamate,3
amalgamationist,3
amalgamist,3
ambalama,4
amban,4
ambari,4
ambarval,4
ambarvalia,4
ambarvalian,4
amberiferous,4
amberina,4
amberite,4
amberlite,4
amberous,4
amia,3
amictic,3
amidase,3
amidation,3
amidine,3
amiloride,3
aminate,3
amination,3
amino,3
aminoglycoside,3
aminol,3
amiodarone,3
amnionic,3
amnionitis,3
amnioscope,3
amnioscopy,3
amniotomy,3
amoebal,3
amoebicide,3
amoebula,3
amor,4
amora,4
amoraic,4
amorean,4
amorite,4
amorphization,4
amorphize,4
amortizing,4
amotivation,4
amotivational,4
amp,4
ampacity,4
ampage,4
ampallang,4
ampesi,1
amphib,3
amphoriskos,3
amplicon,3
amplifiable,3
anaemiated,3
anaemically,3
anaesthetics,3
ancap,4
ancestory,4
anchialine,4
anchisaur,4
anchisaurid,4
anchisaurus,4
anchoveta,4
anchoïade,4
anchusa,4
angelena,4
angeliferous,4
angin,4
angioedema,4
angiogenic,4
angiogenin,4
angiokeratoma,4
angiosarcoma,4
angishore,4
angoisse,4
angrez,4
angrezi,4
angrian,4
angried,4
angsana,4
angst,4
angsting,4
angularize,4
angustiate,4
ann,1
anna,4
annales,1
anneal,1
annectant,1
annelation,1
annexin,1
annexture,1
anni,1
annihilatory,1
annit,1
annite,1
anniversarian,1
annulating,3
annulene,3
antinatalism,3
antinatalist,3
antipassive,3
antipassivization,3
antipassivize,3
antipassivized,3
antipolitics,1
anyhowly,3
aotearoan,3
apaugasma,4
aperitivo,4
apollo,3
apologizing,1
apols,1
appassionato,4
appell,4
appendiceal,3
appendicolith,3
appendicostomy,3
appendicula,3
aquamation,3
aquarobics,3
ara,3
arancini,4
arbitrium,4
archaeophyte,1
archicortex,3
arfid,1
ariki,3
arlarse,4
armscye,1
asbestine,1
asparagussy,1
asst,4
asweddumize,1
attuning,1
auditorily,4
augered,4
aught,4
augites,4
augitite,4
augmentee,4
augsburg,4
auguring,4
aula,4
aulacogen,4
aulos,4
aunterens,4
auvergnat,4
avo,1
avurudu,1
axed,3
axing,3
ayahuasca,1
ayete,4
azonto,3
azorean,4
babyccino,3
babywear,3
bac,3
bachata,3
bachcha,4
backchannel,3
backfat,3
backflip,3
bada,4
bafumbira,3
bagatine,1
baggywrinkle,1
bagh,1
baghdad,1
baghdadi,1
bagholder,1
baghouse,1
baglama,1
bagless,1
bagload,1
bagot,1
bagpiping,1
bagre,1
bagshot,1
baguazhang,1
bagus,1
baila,1
baile,3
bajillion,1
balanda,1
balun,1
bama,4
banatee,1
banco,4
bandwagon,1
banku,3
banna,3
bapu,4
barbacoa,3
barbudo,3
bardo,4
bartokian,4
bas,4
basilosaurus,3
battered,1
batteried,1
batteryless,1
beachside,4
beano,3
beatize,1
beatmaker,1
beatster,1
becket,4
beding,1
bedrid,3
bedsteadle,3
bedwear,3
beekeeping,1
beer,3
beewolf,1
beezy,3
befuddled,3
befuddling,1
begrudgery,4
begrudging,4
belarusian,4
belna,3
belon,4
belsnickel,4
belter,4
beltman,4
belton,4
belukar,4
belve,4
belvoir,4
benachin,1
bench,4
benchboard,4
benchman,4
benchmate,4
benchtop,4
benchwarm,4
benchwarming,4
bendy,4
benzenide,1
bhavan,4
bhindi,4
bhuna,3
bicarbonate,3
bichir,1
bid,1
bierkeller,3
bierwurst,3
bifold,3
bigilla,1
biko,1
bilat,4
billboard,3
billboarded,3
billboarding,3
billionairess,3
billionfold,3
bingeable,1
bingo,1
bingsu,1
biobanking,1
biofabrication,3
bioidentical,1
bioink,1
birria,3
bisquer,1
bizcochito,3
blaa,3
bland,3
blandification,3
blandified,3
blandify,3
blas,1
blert,4
bliksem,1
blonks,4
blotchiness,3
bobolee,1
bockety,1
bodgie,1
bodgied,1
bodging,1
bodhran,3
bogey,1
bogeywoman,1
boi,3
boleh,1
bolo,1
bomba,3
bombil,3
bombo,3
bomboy,3
boogeyman,1
boondock,1
boondocking,1
boop,3
borana,1
boricua,3
bosberaad,1
bossa,1
bossed,1
bossie,1
bossies,1
bossily,3
bossless,1
boster,3
bouncily,1
bounciness,1
bovinity,1
bowled,1
bowler,1
bowlered,1
braaied,3
bracketologist,4
bralette,4
brandscape,3
brandsolder,3
brandwag,3
breaster,1
breastfeeding,1
breathwork,1
breezy,3
brexit,4
brexiteer,3
brexiter,3
briggsian,3
broekie,1
brook,4
broughtupsy,1
brownface,1
browsability,4
browsable,4
browzy,4
bru,4
brubru,4
brucella,4
bruchid,4
bruck,4
brucknerian,4
bruegelesque,4
bruegelian,4
bruery,4
bruisingly,4
bruisy,4
bruiting,4
bruja,4
brujería,4
brujo,4
brulé,4
brum,4
brumation,4
bruncheon,4
bruncher,4
brunchtime,4
brunchy,4
bruneian,4
brunello,4
brunfelsia,4
brunnera,4
brunoise,4
brusar,4
bto,1
buffoonishly,1
bulbing,1
bulbocavernosus,1
bulbously,1
bulbousness,1
bulgarianize,1
bulla,1
bulletproof,1
bulletproofed,1
bulletproofing,1
bunso,1
burger,3
burkini,4
burns,3
burrata,3
burundian,3
bushwalk,3
butt,1
caballo,1
cabron,3
cacky,1
cakeage,1
cakery,1
calennig,3
californio,3
calvinball,3
camino,1
cancan,3
cancanning,3
cancon,1
candian,1
candygram,1
canis,3
canoer,1
carn,1
carniceria,3
carnser,1
carnyx,1
carreta,3
cartoony,3
catchability,4
catchlight,4
catwalker,1
causalism,1
causticum,1
cawl,3
celtiberi,1
celticization,1
celticized,1
celticness,1
celtify,1
censoring,3
ceol,1
ceramide,1
chacha,4
chagossian,1
chakalaka,1
chamcha,4
chaperonin,1
chapess,1
charanga,3
charismatical,1
charreada,3
charrería,3
chatbot,1
chatterbot,1
chaudhuri,4
cheap,3
checkboard,1
checkdown,1
checkerspot,1
checkmark,1
checkmated,1
checkside,1
checkweigh,1
cheeselog,4
chemsex,4
chequerboard,1
chequing,1
chess,4
chewiness,3
chewy,4
chiac,1
chicham,1
chilango,3
chillax,4
chingada,3
chiollagh,1
chirpse,4
chode,4
chokehold,1
chomper,4
chops,4
choreographed,1
choreographing,1
chron,4
chronozone,4
chugging,1
chuhra,3
chup,4
chupacabra,3
ciotóg,1
ciunas,1
clergyperson,1
clericalizing,1
clericometer,1
clocking,1
clockworky,1
clowny,3
clubbie,3
clubbiness,3
clubmanship,3
coater,1
coatigan,1
coating,1
coatmaker,1
cocaine,1
cock,4
cockatooer,4
cocked,4
cocker,4
cockernee,4
cockerty,4
cockey,4
cocklike,4
cockling,4
cockneyed,4
cockroachy,4
cocksuck,4
cocksucking,4
cocktailian,4
cocktease,4
cockteasing,4
cocky,4
cockying,4
collab,3
collabo,3
collectability,3
collectary,3
collectathon,3
collectomania,3
collegate,1
collegey,1
collegienne,1
collocate,3
colonialization,1
colonialized,1
colonializing,1
comal,3
comfa,3
comfiness,3
comp,4
completability,1
completionism,1
completionist,1
completism,1
condomize,1
confrontationally,3
conjunto,3
conk,3
conked,3
constructability,3
constructable,3
constructibility,3
constructural,3
contacted,1
converso,4
cooish,1
coploft,4
coptologist,1
coptology,1
coreceptor,3
coreference,3
coreid,3
corepressor,3
corequisite,3
corvus,3
cosseted,3
cotija,3
cowboyish,1
cowboyism,1
coxcombery,4
coyote,3
cr,1
crabmeat,3
crackalack,1
crackery,1
crackie,1
crackler,1
cracks,4
crampy,1
craped,3
craquelin,1
crashed,1
crashingly,1
crawdad,3
crawdaddy,3
cray,3
creakiness,3
credential,1
credentialling,1
creepiness,3
crepe,3
creped,3
crios,1
croeso,1
croggy,4
crossability,1
crossband,1
crossbanding,1
crossbody,1
crossbreeder,1
crossbuck,1
crossfoot,1
crosswordese,1
crost,1
croust,1
cruncher,1
crybully,1
cryptocurrency,4
cubano,3
cubesat,1
cuchifrito,3
cuffing,3
culo,3
currick,3
curvaceously,4
curvaceousness,4
curveballer,4
curviness,4
curvulate,4
cutability,3
cutpiece,3
cutscene,3
cutter,3
cuttingness,3
cuttyhunk,3
cuzzy,1
cyberflasher,3
cyberflashing,3
cyberstalk,3
cyclo,3
dadagiri,4
daffiness,1
dagginess,3
dalgona,3
damianite,4
dashcam,1
dauphinoise,3
debank,3
debanking,3
debatably,1
debilitatingly,1
debs,3
decentralizing,1
declaw,1
declinism,1
decolonial,1
decolonialization,1
decolonialize,1
decolonize,4
deetooth,1
defamatorily,4
defang,4
defanged,4
defatigate,4
defaunate,4
defaunated,4
defaunation,4
defcon,4
defeasance,4
defease,4
defeather,4
defeathered,4
defeathering,4
defecatory,4
defectability,4
defecting,4
defederalization,4
defederalize,4
defencing,4
defensin,4
degazette,1
degenerationism,3
deliac,1
delignify,1
delime,1
deliming,1
delimiting,1
delink,1
delinkage,1
delinking,1
delinquish,1
deliverology,1
delph,1
demeaningly,1
demisexual,1
deniably,1
dep,1
deplatform,1
deplatforming,1
depressogenic,3
deradicalization,1
deradicalize,1
descarga,3
desh,4
deskfast,1
detransitioner,1
deurmekaar,4
devi,4
devo,3
devolved,3
dhansak,1
dholuo,3
didi,4
digestivo,1
dinlo,4
dinosauric,1
diolch,1
directionlessness,1
disaccredit,4
disaccustoming,4
disaffiliate,4
disaffiliated,4
disaggregated,4
disaggregative,4
disambiguated,4
disapplication,4
disapply,4
disassembling,4
disassociative,4
dishware,1
distancer,1
distinguishability,1
ditziness,1
div,1
diya,4
dls,1
dm,4
dmt,1
dnf,1
doc,1
domoda,1
doomscroll,1
doomscroller,1
doomscrolling,1
doorstopper,1
dorayaki,3
downbound,4
downburst,4
downchange,4
downcode,4
downconversion,4
downconvert,4
downcrying,4
downcut,4
downcutting,4
downcycle,4
downcycling,4
downdrift,4
downed,4
downfaulted,4
downfaulting,4
downhiller,4
downhilling,4
downhomer,4
downie,4
downiness,4
downing,4
downlevel,4
downlight,4
downlighter,4
downline,4
downlist,4
downlong,4
downpouring,4
downpressor,4
downregulation,4
downrigger,4
downscaling,4
downsetting,4
downshore,4
downsizer,4
downtide,4
downtoner,4
downtread,4
downvote,4
downwarp,4
downwarped,4
downwashed,4
downweight,4
downy,4
draftable,3
draftily,3
draftnik,3
draughtily,3
drawal,1
drill,3
drooking,1
dropback,1
dropperful,1
dropshipper,1
dropshipping,1
dub,1
duchas,1
dum,4
dumbass,1
dumboy,1
duotang,1
dutched,1
dutchness,1
dwaal,4
dylanesque,4
dystopic,1
eba,3
ebo,3
edgelord,3
eh,3
eina,4
ekiden,1
ekphrastic,4
elfame,3
elfdom,3
elote,3
embassady,4
emollience,3
enchanté,1
endo,1
endomorphism,3
enjoyability,3
entjie,1
epidemiologic,1
epilator,3
eponymously,3
equuleus,3
eridanus,3
ethnocracy,1
ethnostate,1
exampling,4
exceptionalist,3
exchanged,1
excitably,3
exemplificatory,4
exemplifying,4
exoplanet,4
expendability,3
extensification,1
extensify,1
extortionately,3
facepalm,4
fada,1
faffy,3
fakeable,4
fakeness,4
fakey,4
fakie,4
fallboard,4
fallibilistic,4
fallish,4
fard,1
fashionwear,3
fashiony,3
fatalistical,1
fatberg,4
fatedness,1
fauchie,4
favourability,1
favouring,1
favouritized,1
favouritizing,1
feg,3
felliniesque,4
fellmonger,4
femtech,1
ferrinho,4
fibroblast,3
fidcock,4
finalis,1
findability,4
finderscope,4
fingertip,4
finito,3
fizziness,3
flabbergasted,3
flailing,1
flaithulach,1
fletching,3
flightworthy,3
flip,3
flipboard,3
flippable,3
flipped,3
flippered,3
flipperless,3
flippy,3
fluthered,1
flâneuse,4
follically,1
follicly,1
follicularly,1
followee,1
fomor,1
fon,1
fonctionnaire,1
fondamenta,1
fonduta,1
fonio,4
fontina,1
foodware,1
foofy,1
foolproof,1
foreignization,1
foreignized,1
foreignizing,1
forewale,1
formalwear,3
fowler,4
fowleresque,4
fowlerian,4
freecycle,3
freecycling,3
fretboard,3
frita,3
froideur,1
frontside,4
frustrator,3
frybread,4
fucktard,1
fuckton,3
fudger,1
fulcrum,4
fulfulde,4
fulghter,4
fulgurating,4
fulled,4
fulleride,4
fullerite,4
fulvic,4
fumblerooski,1
fumbly,1
fumfer,1
funana,4
funboard,4
funbook,4
funbox,4
functionalistic,4
funda,4
fundholding,4
fundi,4
fundible,4
fundic,4
fundo,4
fundoplication,4
fundoscopic,4
fundoscopy,4
fundoshi,4
fundraise,4
fundying,4
fungee,4
funhouse,4
funk,4
funked,4
funker,4
funkified,4
funkify,4
funkiness,4
funless,4
funsy,4
furikake,3
furoshiki,3
futur,1
futurama,1
futured,1
futurescape,1
futuristically,1
futurizing,1
fáinne,1
gabacho,3
gaeilge,1
gaeilgeoir,1
gahmen,4
galamsey,3
galamseyer,3
galia,3
gallicization,3
galwegian,1
gaman,3
gaslighter,1
gatvol,3
geekily,1
gel,1
gelatina,3
gelcoat,1
geld,4
gele,3
gelification,1
gelify,1
genoise,1
geoconservation,1
geodiversity,1
geolocate,3
geolocation,3
geolocator,3
geotracking,3
gigil,3
girlboss,3
glamazon,3
glamorousness,3
glamourless,3
glampsite,3
gleeish,1
glitchiness,1
glitching,1
gloopiness,1
goaler,4
goalside,4
gob,4
gobbin,4
gobby,4
gobful,4
goblet,4
gobo,4
gobsmacking,4
gochujang,4
goetta,4
goldback,4
goldly,4
goldness,4
gooeyness,1
goon,1
goopiness,1
gosht,4
gospelizing,1
gospelly,1
grawlix,3
grexit,4
grid,3
grito,1
grom,4
groundbreaker,1
groundbreaking,1
grus,3
guanabana,3
gub,4
gubu,1
gully,4
gunzel,1
gur,3
gutlessly,1
guyabano,3
guyed,3
guyhood,3
guying,3
guyish,3
guyliner,3
guyness,3
gynae,1
gyne,1
gyno,1
gynophobic,1
güey,3
haakdoring,4
haat,4
habesha,1
hack,4
hackability,4
hackable,4
hackathon,4
hackboat,4
hackbrett,4
hackdom,4
hackery,4
hackfest,4
hackish,4
hackit,4
hackleback,4
hackled,4
hacksaw,4
hacksilver,4
haenyeo,1
hammajang,4
hashem,4
hashtag,4
hashtagged,4
haskalah,4
hasselback,1
hassle,4
hassling,4
hassocked,4
hassocking,4
hastate,4
haterade,4
headdesk,4
healthism,1
heaty,4
hectarage,1
hellscape,1
hermeticism,1
hgv,3
hiit,1
hijabi,1
hiplife,1
hispi,1
hit,1
hitchhiking,1
hitchless,1
hitless,1
hitmaker,1
hitmaking,1
hittee,1
hitwoman,1
hoaching,1
hobble,1
hockey,4
hollier,1
hood,3
hookthorn,4
hoopie,3
hoovering,3
horndog,3
horrendously,3
horrifyingly,1
howzit,4
hp,1
hr,1
hubble,1
huh,4
huipil,3
humidex,1
hunkiness,3
hutherin,3
hybridogenesis,3
hybridogenetic,3
hybridoma,3
hydel,4
hypebeast,1
hyped,1
hyperpop,1
hypervigilance,1
hypervigilant,1
hyung,3
ikigai,4
imperceptively,4
implementer,3
imprecisely,3
inarguably,3
inasal,1
independentist,3
independentista,3
indietronica,3
indo,3
inferencing,3
infringeable,3
ingcibi,4
instinctually,3
institutionalizer,3
institutionalizing,3
institutionized,3
interconnected,3
interconnectivity,3
interrail,3
interrailing,3
interrobang,1
intore,3
irani,1
iranicized,1
iraqification,1
iraqized,1
isicholo,1
islamology,4
islandwide,1
ismaili,1
ius,1
izinyoka,1
ja,4
jafaican,4
jai,4
jamette,4
jand,3
janded,3
janner,4
janny,1
japa,3
jasper,4
jedi,4
jel,1
jelly,1
jellyish,1
jhuggi,4
ji,4
jialat,1
jibaro,1
jillionaire,3
jjigae,3
jjimjilbang,1
judgey,3
jugaad,4
jummah,1
kababayan,3
kabocha,4
kak,1
kapow,4
kasi,4
kaya,3
kaypoh,1
keema,4
ketcha,3
ketupat,3
kif,4
kinning,3
kinyarwanda,3
kiribath,1
knowwhaddamean,3
kompromat,1
kpanlogo,1
kufr,1
kumeyaay,3
kund,4
langered,1
langers,1
laser,1
lawbruche,3
lawfare,3
lawmaking,3
lawspeaker,3
lawyerese,3
lawyerspeak,3
laytime,1
learnfare,3
learning,3
lepus,3
libtard,1
lickable,3
lickspittling,3
licky,3
lightsabre,4
linefish,4
livian,4
livity,4
lixival,4
locs,1
lolly,1
longbed,1
ludraman,3
lukeme,1
lumpia,3
lunchable,1
luncheonware,1
lux,1
macking,4
maft,4
mafted,4
mafting,4
maha,4
mahi,3
makarapa,3
maknae,3
mallung,1
mamgu,3
managementese,3
manhattanhenge,4
marica,3
mata,4
mech,3
mechanoid,1
megadrought,3
mehh,3
menopause,1
menstruator,1
metagenome,1
metagenomic,1
metagenomics,1
microalga,1
microfinance,4
microsuction,3
migra,3
mirch,4
mod,3
moggy,3
monoazo,4
morto,3
mottainai,1
mpox,3
mumbly,1
mundari,3
munted,4
muntered,4
mzansi,4
mōrena,1
nabumetone,1
naco,3
nagar,4
naginata,1
nahuan,3
nai,4
naija,3
namkeen,4
nang,4
nanobody,1
natak,4
nawetan,1
nda,1
neet,1
neobank,3
neoliberalism,3
neuroaesthetics,3
nip,1
nippled,1
nirl,1
nirled,1
nirling,1
nisenan,1
niskin,1
nispero,1
nisqually,1
nissard,1
nitazene,3
nitchevo,1
nithered,1
nithering,1
nitinaht,1
nitle,1
nitpicky,1
nitramine,1
nitrating,1
nitration,1
nitratite,1
nitrato,1
nitrendipine,1
nitrenium,1
nitrito,1
nitrobacter,1
nitroform,1
nitrone,1
nitrophenasic,1
nitrophilic,1
nitrophily,1
nitrophobe,1
nitrophobic,1
nitrophobous,1
nitroreductase,1
nitroreduction,1
nitrosamide,1
nitrosative,1
nitrosomonas,1
nitrosonium,1
nitrosourea,1
nitrosylate,1
nitrosylated,1
nitrosylation,1
nitrovin,1
nitrox,1
nitrum,1
niu,1
niue,1
nivas,4
nivated,1
nivellating,1
nixie,1
nixonism,1
nizatidine,1
noachian,1
noah,1
nobblerize,1
nobbling,1
nobilmente,1
nocardia,1
nocardial,1
nocebo,1
nociception,1
nocodazole,1
noctial,1
noctilucy,1
noctivagate,1
noctovision,1
noctovisor,1
nocturnality,1
nocturning,1
nodalization,1
nodalized,1
nodally,1
noddify,1
noddyship,1
nodosaurid,1
nodosaurus,1
noetherian,1
nog,1
nogal,1
noggy,1
nolency,1
nomenambiguum,1
nomenclaturalist,1
nomenconfusum,1
nomenconservandum,1
nomendubium,1
nomenklaturist,1
nomennovum,1
nomenoblitum,1
nomex,1
nomics,1
nomifensine,1
nomogenesis,1
nomogenetic,1
nomophobia,4
nomophobic,4
nomothetes,1
nonabelian,1
nonachiever,1
nonacid,1
nonacidic,1
nonactin,1
nonacting,1
nonadaptiveness,1
nonadditive,1
nonadditivity,1
nonagonal,1
nonallelic,1
nonallergenic,1
nonanoyl,1
nonanswered,1
nonanswering,1
nonaristotelian,1
nonassociative,1
nonattributable,1
nonavian,1
nonbarbiturate,1
nonbeliever,1
nonblocking,1
noncallable,1
noncertifiable,1
noncertificated,1
noncertification,1
noncertified,1
nonchaotic,1
nonchaotically,1
nonchronological,1
nonchurchgoer,1
nonchurchgoing,1
noncomedogenic,1
noncompearant,1
noncomplying,1
nonconcurrent,1
nonconductive,1
nonconformant,1
nonconfrontational,1
nonconsensual,1
nonconsent,1
noncontemporaneous,1
noncore,1
noncountable,1
noncovalent,1
noncovalently,1
noncovenanter,1
noncrystallizable,1
noncustodial,1
noncy,1
noncyclical,1
noncyclically,1
nondegree,1
nonderivatized,1
nondeterminism,1
nondrip,1
nondurable,1
nonearning,1
nonecclesiastical,1
nonegates,1
nonekin,1
nonekins,1
nonelected,1
nonemployed,1
nonenforcement,1
nonentanglement,1
nones,1
nonexec,1
nonexecuting,1
nonexecutive,1
nonfactive,1
nonflammability,1
nonflowering,1
nonfrat,1
nongay,1
nongenetically,1
nongenital,1
nongraduate,1
nonhearing,1
nonhodgkin,1
nonhomosexual,1
nonideal,1
nonideality,1
nonimpact,1
nonimport,1
noninflammability,1
noninteger,1
noninterlaced,1
noninterventionism,1
nonirritating,1
nonism,1
nonisotopic,1
nonjurist,1
nonlabour,1
nonliteral,1
nonlocality,1
nonmalignant,1
nonmammalian,1
nonmathematician,1
nonmedicinal,1
nonmetropolitan,1
nonmigrating,1
nonmilitant,1
nonministerial,1
nonnet,1
nonnormally,1
nonnucleoside,1
nonny,1
nonobvious,1
nonobviousness,1
nonolfactory,1
nonoperating,1
nonoriginal,1
nonownership,1
nonoxynol,1
nonparallel,1
nonparticipating,1
nonparticipation,1
nonpathogen,1
nonpathogenous,1
nonpenetrative,1
nonpeptide,1
nonperforming,1
nonpermanent,1
nonpersistent,1
nonphysically,1
nonplusser,1
nonplussing,1
nonpoint,1
nonpopular,1
nonpopularity,1
nonpositive,1
nonprescription,1
nonprinting,1
nonproduction,1
nonproprietary,1
nonracialism,1
nonreading,1
nonrealist,1
nonrecourse,1
nonreduction,1
nonrefoulement,1
nonregular,1
nonremission,1
nonresidentship,1
nonresponse,1
nonretaliation,1
nonrhotic,1
nonriding,1
nonrotating,1
nonruminant,1
nonscene,1
nonsegmental,1
nonsegmented,1
nonsensity,1
nonsexist,1
nonsignificancy,1
nonsolid,1
nonspeak,1
nonspeaking,1
nonspeaks,1
nonstatus,1
nonsteroidal,1
nonsubject,1
nonsubscribe,1
nonsufficience,1
nonsufficiency,1
nonsufficienty,1
nonsuffisance,1
nonsuing,1
nonsurgical,1
nonsurgically,1
nontaster,1
nonteaching,1
nontransferable,1
nontransparent,1
nontropical,1
nonunique,1
nonuple,1
nonuser,1
nonusing,1
nonveg,1
nonvegetarian,1
nonveggie,1
nonviability,1
nonvoluntary,1
nonvoter,1
nonvoting,1
nonwork,1
nonya,1
noo,1
noodge,1
noodging,1
noodgy,1
noodle,1
noodlehead,1
noodleness,1
noodler,1
noodling,1
noodly,1
noogie,1
nooi,1
nookie,1
noolbenger,1
noonan,1
nooner,1
noonshine,1
noos,1
nootkian,1
nopales,1
nope,1
nor,1
noraebang,3
nordicity,1
nords,1
norethindrone,1
norfloxacin,1
norian,1
noric,1
norican,1
norisk,1
noritic,1
norlander,1
norm,1
normalien,1
normalizing,1
normand,1
normande,1
normanrockwell,1
normanrockwellesque,1
normanrockwellish,1
normanrockwellism,1
normless,1
normocalcaemia,1
normocalcaemic,1
normost,1
normotension,1
normothermia,1
normreferenced,1
normreferencing,1
nornorwest,1
norns,1
norovirus,1
norplant,1
norski,1
norteña,1
norteño,1
northamericanindian,1
northatlantic,1
northbritain,1
northbritish,1
northdown,1
northeasterner,1
northeasternmost,1
northeastwards,1
northering,1
northernirish,1
northernization,1
northernsoul,1
northing,1
northnortheasterly,1
northnortheastward,1
northnortheastwards,1
northnorthwesterly,1
northnorthwestwards,1
northsouth,1
northwesterner,1
northwesternmost,1
northwestwards,1
northwoods,1
norwalk,1
noryl,1
nosceteipsum,1
nosciturasociis,1
nose,1
nosebleeder,1
noselings,1
nosewise,1
nosey,1
noshit,1
noshow,1
nosily,1
nosocomially,1
nosode,1
nosologic,1
nostalgiafest,1
nostopping,1
nostraticist,1
notabilia,1
notagainstanding,1
notal,1
notalent,1
notalgiaparaesthetica,1
notalian,1
notar,1
notatall,1
notchiness,1
notech,1
notellmotel,1
notforprofit,1
nothroughroad,1
notill,1
notillage,1
notme,1
notonectid,1
notory,1
notoungulate,1
notrumps,1
notseeing,1
nottoway,1
npc,3
nyash,1
obroni,1
officetel,1
ojek,4
omiyage,3
omnishambles,4
omnishambolic,4
omurice,3
orale,3
osari,1
ossicone,3
osteoarchaeology,3
oughts,4
overshare,1
oversharer,1
oversharing,1
padawan,4
paddleboarding,4
pagalee,3
palengke,1
panackelty,3
pansori,3
papare,1
papgeld,1
papi,3
parfum,3
pastizz,1
pc,3
pechakucha,1
pen,3
peripartum,3
perreo,3
perviness,1
pharmacare,1
philosophizingly,4
pholourie,1
pi,1
pinche,3
plakkie,1
playpiece,1
plutteranails,3
plámás,1
plámáser,1
plámásing,1
pms,1
pobrecita,3
poke,4
poncified,1
poody,1
postcolonialism,1
postcoloniality,1
powfagged,4
prags,3
prima,3
promdi,1
promposal,4
puckerbrush,4
pucky,4
puto,3
pyrocumulus,3
qila,4
raac,1
rakat,1
ramyeon,1
rark,1
recommendee,4
remoaner,3
representive,1
representivity,1
resomation,3
rigwelted,4
ringtone,4
rolex,3
romantasy,1
ráiméis,1
sala,4
salakot,3
salara,3
saltfish,1
sambo,1
sando,3
sarmie,4
satang,4
satanian,4
satanite,4
satcaster,4
satinizing,4
sational,4
satoshi,4
satta,4
sattu,4
saturnilian,4
saturninian,4
savviness,3
scoby,3
scoopable,1
scram,1
scrummaging,3
secretively,3
sefte,4
seggae,3
segotia,1
selectwoman,4
senbei,1
senedd,3
senpai,1
sensi,4
sensibilization,4
sertraline,1
seshweshwe,3
sevak,4
sevika,4
sglods,3
shaka,4
sheisty,3
shipped,1
shipset,1
shone,4
shoogly,1
shortbed,1
shortcutting,1
shortfin,1
shorting,1
shortlistee,1
shortsome,1
shortward,1
shrinkflation,3
shweshwe,3
shwmae,1
siblinghood,1
siloed,1
sim,4
simeonite,4
simile,4
simit,4
simmered,4
simmie,4
simonite,4
simonize,4
simonizing,4
simpering,4
simples,4
sinfull,4
skabenga,3
skanger,1
skedonk,4
skooshy,1
slasto,4
slider,4
slimeball,4
slopestyle,1
slummy,4
snackable,3
snark,3
snided,4
snive,4
snived,4
snob,1
softballer,4
softphone,4
softscape,4
softscaping,4
spaza,4
speakability,3
speakee,3
spelt,3
spoggy,4
squillionth,3
squinny,4
stage,3
stagely,3
steampunkish,3
steampunky,3
stovetop,3
stratifying,4
stratocaster,4
stroopwafel,3
stuffie,4
subchron,4
successory,3
sumfin,4
summink,4
summited,4
summock,4
sumptin,4
sumthin,4
sunbae,1
superchron,4
supercycle,3
susto,3
suya,3
sweatbox,3
tadcu,3
taid,3
tamazight,3
tantie,1
tapau,3
tappa,4
tatiesque,4
tattooee,1
tawhid,1
telecentre,4
telecoil,4
teleconference,4
telecopter,4
telefax,4
teleiotic,4
telemarking,4
teleoperate,4
teleporter,4
telepsychiatry,3
telescopium,4
telestrator,4
televiser,4
televisibility,4
tenderstem,3
textbooky,3
textualization,3
textualize,3
textualized,3
textur,3
textural,3
texturizer,3
texturizing,3
tgif,4
theatrician,3
thematizing,3
theming,3
thomasite,3
thot,3
thottie,3
thrifter,1
thrifting,1
tia,3
ticketable,3
tikanga,3
timba,3
timebox,3
timeboxing,3
timepass,4
tio,3
titted,1
tjoekie,3
tokenization,3
tokenize,3
tokenized,3
tollywood,4
tombstone,4
tombstoning,4
tonewheel,1
torrija,3
trackback,1
tracker,1
tracking,1
trackmaker,1
tractor,1
tractorization,1
tractorized,1
tradwife,1
traffic,1
triangulum,3
tribbing,4
trifold,3
trill,3
trillionfold,3
troller,1
trolling,1
trollish,1
troublingly,3
truck,4
tsesarevich,1
tsesarevna,1
tteokbokki,3
tweakable,1
tweaky,1
twp,3
typee,3
ubuntu,4
udyog,4
uglish,1
umuganda,1
uncontacted,1
underinvest,3
underinvestment,3
underproduce,3
underproduced,3
underproductivity,3
underskilled,1
unfollow,3
unglamorously,3
unhackable,3
uppercutting,1
upperpart,1
upzone,4
vaccinologist,1
vaccinology,1
vacist,1
vada,4
vagring,3
vape,3
vax,1
vaxxed,1
vejigante,3
verklempt,4
viably,3
vibey,1
vic,3
victimary,3
victimed,3
victimism,3
videoke,3
voetstoots,4
vuvuzela,1
waifu,3
walawwa,1
washlet,1
watalappam,1
watchalong,1
watchie,1
waterzooi,4
wearsider,1
wede,1
whatev,4
whatevs,4
wildscape,3
winch,1
winching,1
windbag,3
windbagging,3
windbaggy,3
windjam,3
windled,3
windmilled,3
windproof,3
windproofed,3
windproofing,3
windsled,3
windster,3
winter,4
winterproof,4
winterscape,4
winterval,4
wizardy,3
wobbleboard,4
woo,3
woodblocked,1
woodcrafter,1
woodie,1
woodpusher,1
woodshop,1
woodsmanship,1
woodstockian,1
woodswoman,1
woodwind,1
woodwoman,1
wors,4
worstest,4
wrekin,4
yahoo,3
yampy,4
yassa,1
yoh,3
yokai,1
yorkiepoo,3
yorkshirewoman,3
youtuber,4
zhuzh,1
zhuzhy,1
zol,3
